[{"line":3,"elements":[{"line":5,"name":"","description":"","type":"background","keyword":"Background","steps":[{"result":{"duration":7713171600,"status":"passed"},"line":6,"name":"User navigates to the URL","match":{"location":"homepage.addtocarthome.user_navigates_to_the_url()"},"keyword":"Given "}]},{"start_timestamp":"2024-01-20T03:15:40.801Z","line":8,"name":"add to cart","description":"","id":"test-add-to-cart;add-to-cart","type":"scenario","keyword":"Scenario","steps":[{"result":{"duration":265698800,"status":"passed"},"line":9,"name":"user search sofa","match":{"location":"homepage.addtocarthome.user_search_book()"},"keyword":"Given "},{"result":{"duration":2201003900,"status":"passed"},"line":10,"name":"add","match":{"location":"homepage.addtocarthome.add()"},"keyword":"Then "},{"result":{"duration":3114519100,"status":"passed"},"line":11,"name":"remove","match":{"location":"homepage.addtocarthome.remove()"},"keyword":"Then "}],"tags":[{"name":"@tag"}]},{"line":5,"name":"","description":"","type":"background","keyword":"Background","steps":[{"result":{"duration":5063799800,"status":"passed"},"line":6,"name":"User navigates to the URL","match":{"location":"homepage.addtocarthome.user_navigates_to_the_url()"},"keyword":"Given "}]},{"start_timestamp":"2024-01-20T03:15:54.245Z","line":13,"name":"add to cart1","description":"","id":"test-add-to-cart;add-to-cart1","type":"scenario","keyword":"Scenario","steps":[{"result":{"duration":514026700,"status":"passed"},"line":14,"name":"user search table","match":{"location":"homepage.addtocarthome.user_search_book1()"},"keyword":"Given "},{"result":{"duration":2226209400,"status":"passed"},"line":15,"name":"add","match":{"location":"homepage.addtocarthome.add()"},"keyword":"Then "}],"tags":[{"name":"@tag"}]}],"name":"test add to cart","description":"","id":"test-add-to-cart","keyword":"Feature","uri":"file:src/test/java/features/Myshoppingcart.feature","tags":[{"name":"@tag","type":"Tag","location":{"line":2,"column":5}}]}]